image_name,class,confidence,tiempo_inferencia
traffic-light-133-_jpg.rf.1a0e4654768cb2c01c5c2c8322e24d24.jpg,traffic light,90.95585942268372,2.2083544731140137
traffic-light-73-_jpg.rf.449af5b22bda2fe03b5bc0da604aa8e2.jpg,traffic light,79.41403985023499,2.2239067554473877
traffic-light-903-_jpg.rf.cc441cb7befd956b2d116c57ff35f0c8.jpg,traffic light,43.91940534114838,2.1972885131835938
traffic-light-526-_jpg.rf.5aac2fb5cbd9fe3f37b93dd2bced69e9.jpg,traffic light,87.40395903587341,2.188680410385132
traffic-light-526-_jpg.rf.5aac2fb5cbd9fe3f37b93dd2bced69e9.jpg,stop sign,32.30636119842529,2.188680410385132
traffic-light-592-_jpg.rf.8b6a57dd5d36423ddcb4d907856a0d68.jpg,traffic light,96.04991674423218,2.203063488006592
traffic-light-596-_jpg.rf.924ba1388a8a1ba919f158bf59203936.jpg,traffic light,87.07825541496277,2.1839966773986816
traffic-light-596-_jpg.rf.924ba1388a8a1ba919f158bf59203936.jpg,traffic light,49.757370352745056,2.1839966773986816
traffic-light-858-_jpg.rf.c38c383902bcf28c24192664a34528e5.jpg,traffic light,74.35947060585022,2.1917483806610107
traffic-light-10-_jpg.rf.c9856eaf03cffb35a24d1fd16701ded8.jpg,traffic light,34.966254234313965,2.207639455795288
traffic-light-731-_jpg.rf.43110c90dc9b579d835ad194bf281491.jpg,traffic light,75.65513849258423,2.1963155269622803
traffic-light-751-_jpg.rf.c2fb938530e1cf2e00bc28d1c9ccfbd3.jpg,traffic light,35.759010910987854,2.1976816654205322
IMG_1553_JPG_jpg.rf.ae271301cc4c1557d6da39799a8110ef.jpg,traffic light,87.33091950416565,2.192345142364502
IMG_1553_JPG_jpg.rf.ae271301cc4c1557d6da39799a8110ef.jpg,traffic light,74.93093013763428,2.192345142364502
IMG_1553_JPG_jpg.rf.ae271301cc4c1557d6da39799a8110ef.jpg,traffic light,73.02217483520508,2.192345142364502
IMG_1553_JPG_jpg.rf.ae271301cc4c1557d6da39799a8110ef.jpg,traffic light,71.13487720489502,2.192345142364502
IMG_1553_JPG_jpg.rf.ae271301cc4c1557d6da39799a8110ef.jpg,car,42.28607416152954,2.192345142364502
IMG_1553_JPG_jpg.rf.ae271301cc4c1557d6da39799a8110ef.jpg,person,41.22191667556763,2.192345142364502
IMG_1553_JPG_jpg.rf.ae271301cc4c1557d6da39799a8110ef.jpg,traffic light,40.389254689216614,2.192345142364502
IMG_1553_JPG_jpg.rf.ae271301cc4c1557d6da39799a8110ef.jpg,car,38.59314024448395,2.192345142364502
IMG_1553_JPG_jpg.rf.ae271301cc4c1557d6da39799a8110ef.jpg,car,32.62823522090912,2.192345142364502
IMG_1553_JPG_jpg.rf.ae271301cc4c1557d6da39799a8110ef.jpg,car,29.62886393070221,2.192345142364502
IMG_1553_JPG_jpg.rf.ae271301cc4c1557d6da39799a8110ef.jpg,car,27.82069444656372,2.192345142364502
IMG_1553_JPG_jpg.rf.ae271301cc4c1557d6da39799a8110ef.jpg,car,26.368311047554016,2.192345142364502
IMG_1553_JPG_jpg.rf.ae271301cc4c1557d6da39799a8110ef.jpg,car,26.06029212474823,2.192345142364502
traffic-light-130-_jpg.rf.ef57139944694cf4a5386a78ff93445e.jpg,traffic light,82.77388215065002,2.191784620285034
traffic-light-74-_jpg.rf.4a975db9ca122e09e73761cf1eab4687.jpg,traffic light,74.73464608192444,2.1896073818206787
traffic-light-533-_jpg.rf.8791c357e500d73c48981d0fd3ac8d52.jpg,traffic light,89.09700512886047,2.1888668537139893
traffic-light-742-_jpg.rf.edc94cabf00178ce10ff4e7e5fab21ff.jpg,traffic light,71.05174660682678,2.179873466491699
traffic-light-732-_jpg.rf.dbe29cdd06f566aebbf87dece9e81f18.jpg,traffic light,57.41305947303772,2.1807167530059814
traffic-light-732-_jpg.rf.dbe29cdd06f566aebbf87dece9e81f18.jpg,traffic light,26.770880818367004,2.1807167530059814
traffic-light-862-_jpg.rf.99ddf032428f53e013af97606088519e.jpg,traffic light,85.02880930900574,2.1817147731781006
traffic-light-642-_jpg.rf.977233ce4f81cba5ffd19d49aea45f5f.jpg,traffic light,84.43065881729126,2.1813180446624756
traffic-light-642-_jpg.rf.977233ce4f81cba5ffd19d49aea45f5f.jpg,bus,80.82590103149414,2.1813180446624756
traffic-light-642-_jpg.rf.977233ce4f81cba5ffd19d49aea45f5f.jpg,traffic light,75.3763496875763,2.1813180446624756
traffic-light-642-_jpg.rf.977233ce4f81cba5ffd19d49aea45f5f.jpg,traffic light,27.43009924888611,2.1813180446624756
traffic-light-98-_jpg.rf.489ac4dfc0c6493c77a539fcf574fd61.jpg,traffic light,96.30815386772156,2.178774833679199
traffic-light-645-_jpg.rf.3856200fee17e1786804e397b97807fb.jpg,car,99.40270185470581,2.1810131072998047
traffic-light-645-_jpg.rf.3856200fee17e1786804e397b97807fb.jpg,car,97.08322286605835,2.1810131072998047
traffic-light-645-_jpg.rf.3856200fee17e1786804e397b97807fb.jpg,car,87.44018077850342,2.1810131072998047
traffic-light-645-_jpg.rf.3856200fee17e1786804e397b97807fb.jpg,traffic light,84.08670425415039,2.1810131072998047
traffic-light-645-_jpg.rf.3856200fee17e1786804e397b97807fb.jpg,person,80.22788763046265,2.1810131072998047
traffic-light-645-_jpg.rf.3856200fee17e1786804e397b97807fb.jpg,motorbike,79.8176646232605,2.1810131072998047
traffic-light-645-_jpg.rf.3856200fee17e1786804e397b97807fb.jpg,traffic light,71.79885506629944,2.1810131072998047
traffic-light-645-_jpg.rf.3856200fee17e1786804e397b97807fb.jpg,person,68.29224824905396,2.1810131072998047
traffic-light-645-_jpg.rf.3856200fee17e1786804e397b97807fb.jpg,motorbike,66.46162271499634,2.1810131072998047
traffic-light-645-_jpg.rf.3856200fee17e1786804e397b97807fb.jpg,traffic light,57.161206007003784,2.1810131072998047
traffic-light-645-_jpg.rf.3856200fee17e1786804e397b97807fb.jpg,motorbike,49.429917335510254,2.1810131072998047
traffic-light-645-_jpg.rf.3856200fee17e1786804e397b97807fb.jpg,person,46.00692391395569,2.1810131072998047
traffic-light-645-_jpg.rf.3856200fee17e1786804e397b97807fb.jpg,traffic light,29.677453637123108,2.1810131072998047
traffic-light-645-_jpg.rf.3856200fee17e1786804e397b97807fb.jpg,traffic light,27.284377813339233,2.1810131072998047
traffic-light-628-_jpg.rf.60fe3ef2f3bf929b82d4032a47305a66.jpg,traffic light,96.87285423278809,2.181385040283203
traffic-light-628-_jpg.rf.60fe3ef2f3bf929b82d4032a47305a66.jpg,car,93.67191791534424,2.181385040283203
traffic-light-628-_jpg.rf.60fe3ef2f3bf929b82d4032a47305a66.jpg,motorbike,70.5244779586792,2.181385040283203
traffic-light-799-_jpg.rf.98f5aa4e96ee2546882f498a7a63f0db.jpg,traffic light,98.38413596153259,2.1860311031341553
traffic-light-799-_jpg.rf.98f5aa4e96ee2546882f498a7a63f0db.jpg,traffic light,75.79841613769531,2.1860311031341553
traffic-light-508-_jpg.rf.7510dfb49955629e8e989f994b7cc36e.jpg,person,98.00517559051514,2.2064297199249268
traffic-light-508-_jpg.rf.7510dfb49955629e8e989f994b7cc36e.jpg,traffic light,96.71421647071838,2.2064297199249268
traffic-light-508-_jpg.rf.7510dfb49955629e8e989f994b7cc36e.jpg,traffic light,96.34275436401367,2.2064297199249268
traffic-light-508-_jpg.rf.7510dfb49955629e8e989f994b7cc36e.jpg,person,95.4707145690918,2.2064297199249268
traffic-light-508-_jpg.rf.7510dfb49955629e8e989f994b7cc36e.jpg,backpack,79.47611808776855,2.2064297199249268
traffic-light-508-_jpg.rf.7510dfb49955629e8e989f994b7cc36e.jpg,person,78.71114015579224,2.2064297199249268
traffic-light-508-_jpg.rf.7510dfb49955629e8e989f994b7cc36e.jpg,backpack,53.77575159072876,2.2064297199249268
traffic-light-508-_jpg.rf.7510dfb49955629e8e989f994b7cc36e.jpg,motorbike,34.38475728034973,2.2064297199249268
traffic-light-508-_jpg.rf.7510dfb49955629e8e989f994b7cc36e.jpg,motorbike,29.57700788974762,2.2064297199249268
traffic-light-592-_jpg.rf.12e90d25725e71907a8ed974da9e439d.jpg,traffic light,92.681884765625,2.207172393798828
traffic-light-908-_jpg.rf.ed0074df9e591f74e1624019d7dbc85d.jpg,traffic light,76.23889446258545,2.207987070083618
traffic-light-908-_jpg.rf.ed0074df9e591f74e1624019d7dbc85d.jpg,traffic light,57.682812213897705,2.207987070083618
traffic-light-807-_jpg.rf.4ba95289dd4c3e7106c3a48818d40910.jpg,traffic light,50.97273588180542,2.2023727893829346
traffic-light-51-_jpg.rf.6de41d098d16671695425d5070206546.jpg,traffic light,94.3749725818634,2.2006759643554688
traffic-light-697-_jpg.rf.b461a966d0d2b25a97e40841ea5a5425.jpg,traffic light,65.85431694984436,2.186600685119629
traffic-light-651-_jpg.rf.e53ff5805dd0abba255015c9c64c0264.jpg,car,99.83117580413818,2.193849563598633
traffic-light-651-_jpg.rf.e53ff5805dd0abba255015c9c64c0264.jpg,car,98.63263368606567,2.193849563598633
traffic-light-651-_jpg.rf.e53ff5805dd0abba255015c9c64c0264.jpg,motorbike,95.54674029350281,2.193849563598633
traffic-light-651-_jpg.rf.e53ff5805dd0abba255015c9c64c0264.jpg,person,94.50849294662476,2.193849563598633
traffic-light-651-_jpg.rf.e53ff5805dd0abba255015c9c64c0264.jpg,traffic light,59.628915786743164,2.193849563598633
traffic-light-98-_jpg.rf.32c3b22307639ad61440244dbf43a048.jpg,traffic light,96.90077304840088,2.1922683715820312
traffic-light-164-_jpg.rf.86e423ea1acae5480de188d806be6710.jpg,traffic light,88.62475752830505,2.187563896179199
traffic-light-164-_jpg.rf.86e423ea1acae5480de188d806be6710.jpg,traffic light,25.533920526504517,2.187563896179199
traffic-light-826-_jpg.rf.1b12f2d9ff3f064d09e865be9b6a379d.jpg,traffic light,92.24621653556824,2.194317102432251
traffic-light-665-_jpg.rf.3316ebf39569892279e7091553fd7770.jpg,traffic light,41.75374209880829,2.1971447467803955
traffic-light-665-_jpg.rf.3316ebf39569892279e7091553fd7770.jpg,traffic light,34.89631414413452,2.1971447467803955
traffic-light-791-_jpg.rf.e13f6bb1b57a3819cfa8a661d24401fa.jpg,traffic light,69.75284218788147,2.196143865585327
traffic-light-791-_jpg.rf.e13f6bb1b57a3819cfa8a661d24401fa.jpg,traffic light,54.4836699962616,2.196143865585327
yellow-caution-signal-on-traffic-light-royalty-free-image-1573853854_jpeg_jpg.rf.a989260f465add646cbeaf9cb9c72ec2.jpg,traffic light,35.43790578842163,2.191389560699463
yellow-caution-signal-on-traffic-light-royalty-free-image-1573853854_jpeg_jpg.rf.a989260f465add646cbeaf9cb9c72ec2.jpg,traffic light,26.053866744041443,2.191389560699463
traffic-light-897-_jpg.rf.3c0bb55763997d741fec4c0b794665de.jpg,traffic light,84.14452075958252,2.194091558456421
traffic-light-897-_jpg.rf.3c0bb55763997d741fec4c0b794665de.jpg,traffic light,45.86274027824402,2.194091558456421
traffic-light-897-_jpg.rf.3c0bb55763997d741fec4c0b794665de.jpg,traffic light,43.94746124744415,2.194091558456421
traffic-light-922-_jpg.rf.820e626e83f8fbf24ccb59f9ae460c6a.jpg,toilet,34.65605676174164,2.1886606216430664
traffic-light-32-_jpg.rf.c73b1f7762956ac6dcd18abff75f95fc.jpg,traffic light,97.7792739868164,2.1945929527282715
traffic-light-721-_jpg.rf.4ee26f514dacd2f3145a0efbe3e163d7.jpg,traffic light,78.46490144729614,2.1944501399993896
traffic-light-721-_jpg.rf.4ee26f514dacd2f3145a0efbe3e163d7.jpg,traffic light,41.97656214237213,2.1944501399993896
traffic-light-85-_jpg.rf.eaa78dec6cbcfb17bb314e34f50388a7.jpg,traffic light,75.83820819854736,2.192902088165283
traffic-light-919-_jpg.rf.a4c550e71f6cdfb18754499450302286.jpg,traffic light,93.41403245925903,2.192774534225464
traffic-light-919-_jpg.rf.a4c550e71f6cdfb18754499450302286.jpg,traffic light,91.14799499511719,2.192774534225464
traffic-light-167-_jpg.rf.ee1344f9d14eebade336d4734f8158a9.jpg,traffic light,64.75128531455994,2.190441846847534
traffic-light-136-_jpg.rf.4ad0eb95674edb63c5e7c9b670a9dfba.jpg,traffic light,61.78882122039795,2.198106527328491
traffic-light-587-_jpg.rf.a32ba11ba3a7544300bc84786e2e137e.jpg,traffic light,95.65243124961853,2.191082715988159
traffic-light-587-_jpg.rf.a32ba11ba3a7544300bc84786e2e137e.jpg,train,30.377694964408875,2.191082715988159
traffic-light-145-_jpg.rf.b7a5582d455a2dfe344db17e77b355f4.jpg,traffic light,97.74172306060791,2.196650266647339
traffic-light-145-_jpg.rf.b7a5582d455a2dfe344db17e77b355f4.jpg,bench,27.59246826171875,2.196650266647339
traffic-light-86-_jpg.rf.0d7bccf0a62f71c9c8e32d7f57832a38.jpg,traffic light,89.47896361351013,2.1933095455169678
IMG_1482_jpg.rf.28bc3839e58232055085440ea1353e0f.jpg,car,99.91883635520935,2.193946361541748
IMG_1482_jpg.rf.28bc3839e58232055085440ea1353e0f.jpg,traffic light,98.31482172012329,2.193946361541748
IMG_1482_jpg.rf.28bc3839e58232055085440ea1353e0f.jpg,traffic light,97.50530123710632,2.193946361541748
IMG_1482_jpg.rf.28bc3839e58232055085440ea1353e0f.jpg,car,35.18465459346771,2.193946361541748
IMG_1482_jpg.rf.28bc3839e58232055085440ea1353e0f.jpg,car,31.23748004436493,2.193946361541748
IMG_1482_jpg.rf.28bc3839e58232055085440ea1353e0f.jpg,car,27.80468463897705,2.193946361541748
traffic-light-509-_jpg.rf.38aea608762e1a8a3aa3edc1f27c1b43.jpg,traffic light,97.37130403518677,2.1977827548980713
traffic-light-509-_jpg.rf.38aea608762e1a8a3aa3edc1f27c1b43.jpg,traffic light,96.90752625465393,2.1977827548980713
traffic-light-509-_jpg.rf.38aea608762e1a8a3aa3edc1f27c1b43.jpg,person,77.95629501342773,2.1977827548980713
traffic-light-509-_jpg.rf.38aea608762e1a8a3aa3edc1f27c1b43.jpg,motorbike,63.883841037750244,2.1977827548980713
traffic-light-509-_jpg.rf.38aea608762e1a8a3aa3edc1f27c1b43.jpg,truck,46.22308909893036,2.1977827548980713
traffic-light-674-_jpg.rf.53fdbbb04d54b39ccd69049c8a8dab41.jpg,truck,35.756635665893555,2.19386887550354
traffic-light-545-_jpg.rf.9c9960ddcd960568bfe5d8153f3207f7.jpg,traffic light,97.18281626701355,2.197561502456665
traffic-light-545-_jpg.rf.9c9960ddcd960568bfe5d8153f3207f7.jpg,traffic light,93.5434103012085,2.197561502456665
traffic-light-545-_jpg.rf.9c9960ddcd960568bfe5d8153f3207f7.jpg,traffic light,88.90347480773926,2.197561502456665
traffic-light-545-_jpg.rf.9c9960ddcd960568bfe5d8153f3207f7.jpg,car,38.04733753204346,2.197561502456665
traffic-light-545-_jpg.rf.9c9960ddcd960568bfe5d8153f3207f7.jpg,person,31.62296712398529,2.197561502456665
traffic-light-768-_jpg.rf.d9305dd851611e28e1143a268cb0fb80.jpg,traffic light,68.55493783950806,2.1931066513061523
traffic-light-507-_jpg.rf.992c6745ec65baeb08e445746fe1e406.jpg,traffic light,90.97220301628113,2.201241970062256
traffic-light-507-_jpg.rf.992c6745ec65baeb08e445746fe1e406.jpg,traffic light,89.6943747997284,2.201241970062256
traffic-light-507-_jpg.rf.992c6745ec65baeb08e445746fe1e406.jpg,person,41.536498069763184,2.201241970062256
traffic-light-507-_jpg.rf.992c6745ec65baeb08e445746fe1e406.jpg,person,31.964248418807983,2.201241970062256
pl9jpgG_jpg.rf.56cf89d371e875da0f1be34258251c03.jpg,traffic light,99.10138249397278,2.201770782470703
pl9jpgG_jpg.rf.56cf89d371e875da0f1be34258251c03.jpg,car,98.97095561027527,2.201770782470703
pl9jpgG_jpg.rf.56cf89d371e875da0f1be34258251c03.jpg,car,98.42435121536255,2.201770782470703
pl9jpgG_jpg.rf.56cf89d371e875da0f1be34258251c03.jpg,traffic light,98.39065074920654,2.201770782470703
pl9jpgG_jpg.rf.56cf89d371e875da0f1be34258251c03.jpg,traffic light,97.82735705375671,2.201770782470703
pl9jpgG_jpg.rf.56cf89d371e875da0f1be34258251c03.jpg,car,97.41116166114807,2.201770782470703
pl9jpgG_jpg.rf.56cf89d371e875da0f1be34258251c03.jpg,car,97.13191986083984,2.201770782470703
pl9jpgG_jpg.rf.56cf89d371e875da0f1be34258251c03.jpg,traffic light,97.07282185554504,2.201770782470703
pl9jpgG_jpg.rf.56cf89d371e875da0f1be34258251c03.jpg,truck,96.42124772071838,2.201770782470703
pl9jpgG_jpg.rf.56cf89d371e875da0f1be34258251c03.jpg,car,92.3206627368927,2.201770782470703
pl9jpgG_jpg.rf.56cf89d371e875da0f1be34258251c03.jpg,traffic light,84.18357372283936,2.201770782470703
pl9jpgG_jpg.rf.56cf89d371e875da0f1be34258251c03.jpg,car,77.0833671092987,2.201770782470703
pl9jpgG_jpg.rf.56cf89d371e875da0f1be34258251c03.jpg,traffic light,70.90466618537903,2.201770782470703
pl9jpgG_jpg.rf.56cf89d371e875da0f1be34258251c03.jpg,traffic light,67.26234555244446,2.201770782470703
pl9jpgG_jpg.rf.56cf89d371e875da0f1be34258251c03.jpg,traffic light,59.569793939590454,2.201770782470703
pl9jpgG_jpg.rf.56cf89d371e875da0f1be34258251c03.jpg,traffic light,43.92343461513519,2.201770782470703
pl9jpgG_jpg.rf.56cf89d371e875da0f1be34258251c03.jpg,traffic light,42.35309064388275,2.201770782470703
pl9jpgG_jpg.rf.56cf89d371e875da0f1be34258251c03.jpg,car,42.133402824401855,2.201770782470703
pl9jpgG_jpg.rf.56cf89d371e875da0f1be34258251c03.jpg,car,39.71370458602905,2.201770782470703
pl9jpgG_jpg.rf.56cf89d371e875da0f1be34258251c03.jpg,traffic light,39.19335603713989,2.201770782470703
pl9jpgG_jpg.rf.56cf89d371e875da0f1be34258251c03.jpg,traffic light,35.508087277412415,2.201770782470703
pl9jpgG_jpg.rf.56cf89d371e875da0f1be34258251c03.jpg,car,33.67050588130951,2.201770782470703
pl9jpgG_jpg.rf.56cf89d371e875da0f1be34258251c03.jpg,traffic light,31.169375777244568,2.201770782470703
pl9jpgG_jpg.rf.56cf89d371e875da0f1be34258251c03.jpg,traffic light,29.1803777217865,2.201770782470703
traffic-light-555-_jpg.rf.a4a2d70e9303e4933b86872527ff7dac.jpg,traffic light,56.55859708786011,2.1923041343688965
traffic-light-892-_jpg.rf.247b797bcd23fb7d88546140d524dfd5.jpg,traffic light,95.65454721450806,2.188596725463867
traffic-light-892-_jpg.rf.247b797bcd23fb7d88546140d524dfd5.jpg,traffic light,71.40814065933228,2.188596725463867
traffic-light-892-_jpg.rf.247b797bcd23fb7d88546140d524dfd5.jpg,traffic light,44.26530301570892,2.188596725463867
traffic-light-98-_jpg.rf.91bf6d772138d7f725521c2751b1429d.jpg,traffic light,94.3166971206665,2.190117835998535
traffic-light-68-_jpg.rf.b84e5def3d201febc12d3c12b883eb52.jpg,traffic light,31.4447283744812,2.1890854835510254
traffic-light-52-_jpg.rf.aba92aaeb966dd50b6f0e74d158795f4.jpg,bottle,97.7956771850586,2.1881203651428223
traffic-light-52-_jpg.rf.aba92aaeb966dd50b6f0e74d158795f4.jpg,bottle,97.69153594970703,2.1881203651428223
traffic-light-52-_jpg.rf.aba92aaeb966dd50b6f0e74d158795f4.jpg,traffic light,92.9928183555603,2.1881203651428223
traffic-light-156-_jpg.rf.38b737e1b1ed8971e0ffe457fda18d52.jpg,traffic light,93.0033266544342,2.189136505126953
traffic-light-145-_jpg.rf.bb9df6c81f4aa2e04425522051e1f0dd.jpg,traffic light,93.275386095047,2.189836263656616
traffic-light-150-_jpg.rf.a4f5685c7d3d79cadb3221aef9d52871.jpg,traffic light,97.7702796459198,2.1848719120025635
traffic-light-983-_jpg.rf.b331faef587e871e3d8dc1aaf7df7627.jpg,traffic light,84.65709686279297,2.1892459392547607
traffic-light-86-_jpg.rf.7c14477a8556299d12b3c6cc764329a8.jpg,traffic light,44.078344106674194,2.1870951652526855
traffic-light-81-_jpg.rf.326957434a58e875e25b69364e5c46e9.jpg,traffic light,91.01141691207886,2.1907761096954346
traffic-light-825-_jpg.rf.b16007a47f87fc135b26762d26f87e24.jpg,traffic light,62.797778844833374,2.1885058879852295
traffic-light-825-_jpg.rf.b16007a47f87fc135b26762d26f87e24.jpg,traffic light,37.41688430309296,2.1885058879852295
traffic-light-583-_jpg.rf.20a35e98e620b1aa20f582cd2e73bd12.jpg,traffic light,43.633079528808594,2.2069761753082275
traffic-light-185-_jpg.rf.3f596c16cba8d68bd1ddb7a6dd309adb.jpg,traffic light,34.93427634239197,2.208165407180786
traffic-light-125-_jpg.rf.784086522317d3fd1ed6aa55a11d9267.jpg,traffic light,71.41279578208923,2.2059946060180664
traffic-light-10-_jpg.rf.de8caba34aba98948bc743f7e25a9658.jpg,traffic light,77.36672163009644,2.2106943130493164
IMG_1503_jpg.rf.76cbc2584b1b55799b28244c9cc2b3fa.jpg,traffic light,96.47639393806458,2.204409122467041
IMG_1503_jpg.rf.76cbc2584b1b55799b28244c9cc2b3fa.jpg,traffic light,92.47881174087524,2.204409122467041
IMG_1503_jpg.rf.76cbc2584b1b55799b28244c9cc2b3fa.jpg,fire hydrant,89.53813910484314,2.204409122467041
traffic-light-933-_jpg.rf.0799a180fb073c7a57de5a5e5ec457a2.jpg,traffic light,79.78298664093018,2.206951856613159
traffic-light-933-_jpg.rf.0799a180fb073c7a57de5a5e5ec457a2.jpg,traffic light,62.1437132358551,2.206951856613159
traffic-light-532-_jpg.rf.b56cdec18ed0ce38456c281d7f1f552e.jpg,traffic light,89.17408585548401,2.2085814476013184
traffic-light-111-_jpg.rf.03d33944b85fa3e89dae38d8e8dee63f.jpg,traffic light,73.2767641544342,2.207773447036743
n22p6k-syellowlight0610afdbbinary1054348_jpg.rf.deb6ef81d91d1382f38cf4cb87399b7f.jpg,car,99.88988637924194,2.2000110149383545
n22p6k-syellowlight0610afdbbinary1054348_jpg.rf.deb6ef81d91d1382f38cf4cb87399b7f.jpg,car,99.52560067176819,2.2000110149383545
n22p6k-syellowlight0610afdbbinary1054348_jpg.rf.deb6ef81d91d1382f38cf4cb87399b7f.jpg,traffic light,98.8534152507782,2.2000110149383545
n22p6k-syellowlight0610afdbbinary1054348_jpg.rf.deb6ef81d91d1382f38cf4cb87399b7f.jpg,traffic light,98.45098853111267,2.2000110149383545
n22p6k-syellowlight0610afdbbinary1054348_jpg.rf.deb6ef81d91d1382f38cf4cb87399b7f.jpg,car,98.30064177513123,2.2000110149383545
n22p6k-syellowlight0610afdbbinary1054348_jpg.rf.deb6ef81d91d1382f38cf4cb87399b7f.jpg,car,74.394291639328,2.2000110149383545
traffic-light-104-_jpg.rf.f1ed00092968d865ed106920ca953386.jpg,traffic light,97.54800796508789,2.202852725982666
traffic-light-64-_jpg.rf.8b4a97cbc61248e2d08e59f017dc900a.jpg,traffic light,89.79015350341797,2.1973254680633545
traffic-light-8-_jpg.rf.04e5c750e5a24f9c7c1347967af614b4.jpg,traffic light,42.22957491874695,2.1788992881774902
traffic-light-89-_jpg.rf.77ac49d25ff864e8abbe25332feaf014.jpg,traffic light,95.02939581871033,2.180983781814575
traffic-light-642-_jpg.rf.32ba44120b1dfbf936da46c36020669b.jpg,traffic light,64.97942805290222,2.1795315742492676
traffic-light-642-_jpg.rf.32ba44120b1dfbf936da46c36020669b.jpg,traffic light,64.08838629722595,2.1795315742492676
traffic-light-642-_jpg.rf.32ba44120b1dfbf936da46c36020669b.jpg,traffic light,38.04667294025421,2.1795315742492676
traffic-light-642-_jpg.rf.32ba44120b1dfbf936da46c36020669b.jpg,traffic light,32.74611532688141,2.1795315742492676
traffic-light-643-_jpg.rf.679e5858f319a5d227bb60436b00db6d.jpg,car,97.7627158164978,2.185612440109253
traffic-light-643-_jpg.rf.679e5858f319a5d227bb60436b00db6d.jpg,car,92.00192093849182,2.185612440109253
traffic-light-643-_jpg.rf.679e5858f319a5d227bb60436b00db6d.jpg,traffic light,89.68026638031006,2.185612440109253
traffic-light-643-_jpg.rf.679e5858f319a5d227bb60436b00db6d.jpg,car,86.15148663520813,2.185612440109253
traffic-light-643-_jpg.rf.679e5858f319a5d227bb60436b00db6d.jpg,traffic light,64.48862552642822,2.185612440109253
traffic-light-643-_jpg.rf.679e5858f319a5d227bb60436b00db6d.jpg,car,62.16816306114197,2.185612440109253
traffic-light-643-_jpg.rf.679e5858f319a5d227bb60436b00db6d.jpg,traffic light,60.19694209098816,2.185612440109253
traffic-light-643-_jpg.rf.679e5858f319a5d227bb60436b00db6d.jpg,car,55.442988872528076,2.185612440109253
traffic-light-643-_jpg.rf.679e5858f319a5d227bb60436b00db6d.jpg,person,36.75370812416077,2.185612440109253
traffic-light-643-_jpg.rf.679e5858f319a5d227bb60436b00db6d.jpg,bus,34.344303607940674,2.185612440109253
traffic-light-643-_jpg.rf.679e5858f319a5d227bb60436b00db6d.jpg,car,26.285836100578308,2.185612440109253
traffic-light-86-_jpg.rf.af0b3fc3bafa3fa1df19caafb99a60b6.jpg,traffic light,50.07931590080261,2.1910736560821533
traffic-light-92-_jpg.rf.3ece4df9c17571f80074ba1490591ad9.jpg,traffic light,97.03207015991211,2.188805341720581
traffic-light-183-_jpg.rf.ebab7b86c1b5ffa32d9ca4c3b79bb169.jpg,traffic light,96.42506837844849,2.1916823387145996
traffic-light-183-_jpg.rf.ebab7b86c1b5ffa32d9ca4c3b79bb169.jpg,person,83.11331868171692,2.1916823387145996
traffic-light-183-_jpg.rf.ebab7b86c1b5ffa32d9ca4c3b79bb169.jpg,traffic light,82.1650505065918,2.1916823387145996
traffic-light-183-_jpg.rf.ebab7b86c1b5ffa32d9ca4c3b79bb169.jpg,traffic light,71.02665305137634,2.1916823387145996
traffic-light-183-_jpg.rf.ebab7b86c1b5ffa32d9ca4c3b79bb169.jpg,car,58.28176140785217,2.1916823387145996
traffic-light-183-_jpg.rf.ebab7b86c1b5ffa32d9ca4c3b79bb169.jpg,person,43.83602738380432,2.1916823387145996
traffic-light-6-_jpg.rf.74ef6bbfd585d2601af443ad1f3e2a14.jpg,traffic light,84.07298922538757,2.190767288208008
traffic-light-165-_jpg.rf.9456868ebba1824d57c4b29bd2552c54.jpg,traffic light,93.9197838306427,2.190652847290039
traffic-light-620-_jpg.rf.6f0282824bf296506b68ebb827ea4e68.jpg,traffic light,98.55499863624573,2.1872544288635254
traffic-light-529-_jpg.rf.543f77d0310e1604e73c93c53b19b0e2.jpg,traffic light,91.11460447311401,2.1890504360198975
traffic-light-529-_jpg.rf.543f77d0310e1604e73c93c53b19b0e2.jpg,stop sign,33.950451016426086,2.1890504360198975
IMG_1474_jpg.rf.3d21228f1bebd14d795e85a8c8cacd5c.jpg,car,99.85495209693909,2.1901838779449463
IMG_1474_jpg.rf.3d21228f1bebd14d795e85a8c8cacd5c.jpg,car,99.80179071426392,2.1901838779449463
IMG_1474_jpg.rf.3d21228f1bebd14d795e85a8c8cacd5c.jpg,traffic light,96.99451923370361,2.1901838779449463
IMG_1474_jpg.rf.3d21228f1bebd14d795e85a8c8cacd5c.jpg,car,86.52677536010742,2.1901838779449463
IMG_1474_jpg.rf.3d21228f1bebd14d795e85a8c8cacd5c.jpg,fire hydrant,82.40087628364563,2.1901838779449463
IMG_1474_jpg.rf.3d21228f1bebd14d795e85a8c8cacd5c.jpg,traffic light,76.74292325973511,2.1901838779449463
IMG_1474_jpg.rf.3d21228f1bebd14d795e85a8c8cacd5c.jpg,car,53.6607027053833,2.1901838779449463
IMG_1474_jpg.rf.3d21228f1bebd14d795e85a8c8cacd5c.jpg,traffic light,47.203245759010315,2.1901838779449463
IMG_1474_jpg.rf.3d21228f1bebd14d795e85a8c8cacd5c.jpg,traffic light,28.84439527988434,2.1901838779449463
traffic-light-3-_jpg.rf.f2902ddc89b78a12593b164e7e8a7075.jpg,traffic light,58.364540338516235,2.1902379989624023
traffic-light-3-_jpg.rf.f2902ddc89b78a12593b164e7e8a7075.jpg,sports ball,27.137237787246704,2.1902379989624023
traffic-light-69-_jpg.rf.c6f32536fc81320fc32012269f86b827.jpg,traffic light,89.53039646148682,2.1937313079833984
traffic-light-69-_jpg.rf.c6f32536fc81320fc32012269f86b827.jpg,bottle,59.38388705253601,2.1937313079833984
traffic-light-69-_jpg.rf.c6f32536fc81320fc32012269f86b827.jpg,bird,49.53392148017883,2.1937313079833984
traffic-light-605-_jpg.rf.d3637c8b2cc7076ec34c1c543c40bcfe.jpg,traffic light,98.01223874092102,2.191901445388794
traffic-light-915-_jpg.rf.e84f6d446a0425fd15b8ca0a5ba04b2f.jpg,traffic light,69.0000593662262,2.1913604736328125
traffic-light-870-_jpg.rf.fdc70bbc8f9bfc7274e593adf6da8764.jpg,traffic light,97.1068024635315,2.1892735958099365
traffic-light-870-_jpg.rf.fdc70bbc8f9bfc7274e593adf6da8764.jpg,traffic light,58.26901197433472,2.1892735958099365
traffic-light-48-_jpg.rf.0694d8af9c5edaa0098ecdfa90f58273.jpg,bottle,99.43706393241882,2.1917107105255127
traffic-light-48-_jpg.rf.0694d8af9c5edaa0098ecdfa90f58273.jpg,bottle,98.23481440544128,2.1917107105255127
traffic-light-48-_jpg.rf.0694d8af9c5edaa0098ecdfa90f58273.jpg,traffic light,87.48522400856018,2.1917107105255127
traffic-light-48-_jpg.rf.0694d8af9c5edaa0098ecdfa90f58273.jpg,bottle,87.44382858276367,2.1917107105255127
traffic-light-694-_jpg.rf.c788eb133383016272df05524b8e37f3.jpg,cat,90.94275832176208,2.1810004711151123
traffic-light-673-_jpg.rf.692913c2046672fb0bfcdf200f00f4c8.jpg,car,93.24353337287903,2.1780736446380615
traffic-light-673-_jpg.rf.692913c2046672fb0bfcdf200f00f4c8.jpg,car,67.8298830986023,2.1780736446380615
traffic-light-673-_jpg.rf.692913c2046672fb0bfcdf200f00f4c8.jpg,car,65.11482000350952,2.1780736446380615
traffic-light-673-_jpg.rf.692913c2046672fb0bfcdf200f00f4c8.jpg,car,51.17146372795105,2.1780736446380615
traffic-light-673-_jpg.rf.692913c2046672fb0bfcdf200f00f4c8.jpg,traffic light,38.878223299980164,2.1780736446380615
traffic-light-673-_jpg.rf.692913c2046672fb0bfcdf200f00f4c8.jpg,car,28.15994620323181,2.1780736446380615
traffic-light-700-_jpg.rf.d8956b3c3615f4cb662d0fc00121a2a3.jpg,traffic light,66.17261171340942,2.178861618041992
traffic-light-828-_jpg.rf.8318d12baf70859ebb3fb8c0832fad9b.jpg,traffic light,80.69659471511841,2.1792640686035156
IMG_1546_JPG_jpg.rf.a4b4f664202d0fb89832ac33e1e0be90.jpg,truck,97.23105430603027,2.1803927421569824
IMG_1546_JPG_jpg.rf.a4b4f664202d0fb89832ac33e1e0be90.jpg,traffic light,97.13299870491028,2.1803927421569824
IMG_1546_JPG_jpg.rf.a4b4f664202d0fb89832ac33e1e0be90.jpg,car,95.09366750717163,2.1803927421569824
IMG_1546_JPG_jpg.rf.a4b4f664202d0fb89832ac33e1e0be90.jpg,traffic light,91.12170934677124,2.1803927421569824
IMG_1546_JPG_jpg.rf.a4b4f664202d0fb89832ac33e1e0be90.jpg,traffic light,87.31381297111511,2.1803927421569824
IMG_1546_JPG_jpg.rf.a4b4f664202d0fb89832ac33e1e0be90.jpg,truck,69.923996925354,2.1803927421569824
IMG_1546_JPG_jpg.rf.a4b4f664202d0fb89832ac33e1e0be90.jpg,traffic light,55.515336990356445,2.1803927421569824
IMG_1546_JPG_jpg.rf.a4b4f664202d0fb89832ac33e1e0be90.jpg,traffic light,40.73334038257599,2.1803927421569824
IMG_1546_JPG_jpg.rf.a4b4f664202d0fb89832ac33e1e0be90.jpg,traffic light,38.63866627216339,2.1803927421569824
traffic-light-894-_jpg.rf.63d63af66b7100fcf0dd661cc608e4a1.jpg,traffic light,47.74736762046814,2.179974317550659
traffic-light-11-_jpg.rf.3adae3856e0363ad7b1749e94038f081.jpg,traffic light,77.39850878715515,2.180121898651123
traffic-light-68-_jpg.rf.21c739f1c76468a259250996492eaecf.jpg,traffic light,85.8293354511261,2.180708885192871
IMG_1567_JPG_jpg.rf.479a3c592c22b6147699ec6adaea463a.jpg,traffic light,93.85485649108887,2.192251205444336
IMG_1567_JPG_jpg.rf.479a3c592c22b6147699ec6adaea463a.jpg,traffic light,81.44249320030212,2.192251205444336
IMG_1567_JPG_jpg.rf.479a3c592c22b6147699ec6adaea463a.jpg,car,80.78528046607971,2.192251205444336
IMG_1567_JPG_jpg.rf.479a3c592c22b6147699ec6adaea463a.jpg,traffic light,67.76882410049438,2.192251205444336
IMG_1567_JPG_jpg.rf.479a3c592c22b6147699ec6adaea463a.jpg,traffic light,55.064284801483154,2.192251205444336
IMG_1567_JPG_jpg.rf.479a3c592c22b6147699ec6adaea463a.jpg,traffic light,44.7115421295166,2.192251205444336
IMG_1567_JPG_jpg.rf.479a3c592c22b6147699ec6adaea463a.jpg,traffic light,35.83456575870514,2.192251205444336
IMG_1567_JPG_jpg.rf.479a3c592c22b6147699ec6adaea463a.jpg,traffic light,34.93994474411011,2.192251205444336
traffic-light-646-_jpg.rf.c25c6cf7628c892f1a978dc06358a4bb.jpg,car,99.68750476837158,2.180813789367676
traffic-light-646-_jpg.rf.c25c6cf7628c892f1a978dc06358a4bb.jpg,car,88.51199746131897,2.180813789367676
traffic-light-646-_jpg.rf.c25c6cf7628c892f1a978dc06358a4bb.jpg,traffic light,65.56932330131531,2.180813789367676
traffic-light-646-_jpg.rf.c25c6cf7628c892f1a978dc06358a4bb.jpg,car,44.93458569049835,2.180813789367676
traffic-light-646-_jpg.rf.c25c6cf7628c892f1a978dc06358a4bb.jpg,traffic light,32.751402258872986,2.180813789367676
traffic-light-646-_jpg.rf.c25c6cf7628c892f1a978dc06358a4bb.jpg,traffic light,29.869529604911804,2.180813789367676
traffic-light-646-_jpg.rf.c25c6cf7628c892f1a978dc06358a4bb.jpg,traffic light,25.517335534095764,2.180813789367676
traffic-light-588-_jpg.rf.b24485d099ade46973df56bb6913f62a.jpg,traffic light,97.5559651851654,2.1797685623168945
traffic-light-588-_jpg.rf.b24485d099ade46973df56bb6913f62a.jpg,traffic light,58.10702443122864,2.1797685623168945
traffic-light-110-_jpg.rf.00edc4ee75f2e049cadcbfb3eade686e.jpg,traffic light,68.55978965759277,2.179481267929077
Amber-yellow-traffic-lights_jpg.rf.c8d2c9e1402a280c0926eaf34a611dcc.jpg,traffic light,98.60427975654602,2.1804323196411133
Amber-yellow-traffic-lights_jpg.rf.c8d2c9e1402a280c0926eaf34a611dcc.jpg,traffic light,98.32773208618164,2.1804323196411133
traffic-light-56-_jpg.rf.61bd5558c4b0635c8bb1f5b78de34ed4.jpg,traffic light,65.12085795402527,2.180402994155884
OIP-1-_jpeg_jpg.rf.2f81c63677e33fd36696cad25f53c9ad.jpg,traffic light,98.28736186027527,2.179863452911377
OIP-1-_jpeg_jpg.rf.2f81c63677e33fd36696cad25f53c9ad.jpg,car,97.50285148620605,2.179863452911377
OIP-1-_jpeg_jpg.rf.2f81c63677e33fd36696cad25f53c9ad.jpg,car,96.14675045013428,2.179863452911377
OIP-1-_jpeg_jpg.rf.2f81c63677e33fd36696cad25f53c9ad.jpg,car,91.93134903907776,2.179863452911377
OIP-1-_jpeg_jpg.rf.2f81c63677e33fd36696cad25f53c9ad.jpg,car,80.51385879516602,2.179863452911377
OIP-1-_jpeg_jpg.rf.2f81c63677e33fd36696cad25f53c9ad.jpg,car,78.53484749794006,2.179863452911377
OIP-1-_jpeg_jpg.rf.2f81c63677e33fd36696cad25f53c9ad.jpg,car,78.1099259853363,2.179863452911377
OIP-1-_jpeg_jpg.rf.2f81c63677e33fd36696cad25f53c9ad.jpg,car,66.910320520401,2.179863452911377
OIP-1-_jpeg_jpg.rf.2f81c63677e33fd36696cad25f53c9ad.jpg,traffic light,60.317009687423706,2.179863452911377
OIP-1-_jpeg_jpg.rf.2f81c63677e33fd36696cad25f53c9ad.jpg,traffic light,51.998066902160645,2.179863452911377
OIP-1-_jpeg_jpg.rf.2f81c63677e33fd36696cad25f53c9ad.jpg,car,48.835620284080505,2.179863452911377
OIP-1-_jpeg_jpg.rf.2f81c63677e33fd36696cad25f53c9ad.jpg,car,48.09631407260895,2.179863452911377
OIP-1-_jpeg_jpg.rf.2f81c63677e33fd36696cad25f53c9ad.jpg,car,44.13377344608307,2.179863452911377
OIP-1-_jpeg_jpg.rf.2f81c63677e33fd36696cad25f53c9ad.jpg,traffic light,27.17283070087433,2.179863452911377
traffic-light-680-_jpg.rf.f87236a4b9198bd9bfe24b39306b185c.jpg,car,99.38976168632507,2.1812896728515625
traffic-light-680-_jpg.rf.f87236a4b9198bd9bfe24b39306b185c.jpg,traffic light,93.328458070755,2.1812896728515625
traffic-light-680-_jpg.rf.f87236a4b9198bd9bfe24b39306b185c.jpg,person,76.70858502388,2.1812896728515625
traffic-light-680-_jpg.rf.f87236a4b9198bd9bfe24b39306b185c.jpg,motorbike,62.603771686553955,2.1812896728515625
traffic-light-680-_jpg.rf.f87236a4b9198bd9bfe24b39306b185c.jpg,traffic light,62.57504224777222,2.1812896728515625
traffic-light-680-_jpg.rf.f87236a4b9198bd9bfe24b39306b185c.jpg,person,61.100226640701294,2.1812896728515625
traffic-light-680-_jpg.rf.f87236a4b9198bd9bfe24b39306b185c.jpg,traffic light,60.26211977005005,2.1812896728515625
traffic-light-680-_jpg.rf.f87236a4b9198bd9bfe24b39306b185c.jpg,motorbike,58.511775732040405,2.1812896728515625
traffic-light-680-_jpg.rf.f87236a4b9198bd9bfe24b39306b185c.jpg,motorbike,58.22628736495972,2.1812896728515625
traffic-light-680-_jpg.rf.f87236a4b9198bd9bfe24b39306b185c.jpg,motorbike,53.50404381752014,2.1812896728515625
traffic-light-680-_jpg.rf.f87236a4b9198bd9bfe24b39306b185c.jpg,person,53.371018171310425,2.1812896728515625
traffic-light-680-_jpg.rf.f87236a4b9198bd9bfe24b39306b185c.jpg,motorbike,51.176077127456665,2.1812896728515625
traffic-light-680-_jpg.rf.f87236a4b9198bd9bfe24b39306b185c.jpg,motorbike,50.15602111816406,2.1812896728515625
traffic-light-680-_jpg.rf.f87236a4b9198bd9bfe24b39306b185c.jpg,motorbike,43.200066685676575,2.1812896728515625
traffic-light-680-_jpg.rf.f87236a4b9198bd9bfe24b39306b185c.jpg,person,33.527544140815735,2.1812896728515625
traffic-light-680-_jpg.rf.f87236a4b9198bd9bfe24b39306b185c.jpg,person,31.67375922203064,2.1812896728515625
traffic-light-680-_jpg.rf.f87236a4b9198bd9bfe24b39306b185c.jpg,person,29.783356189727783,2.1812896728515625
traffic-light-680-_jpg.rf.f87236a4b9198bd9bfe24b39306b185c.jpg,person,29.05418872833252,2.1812896728515625
traffic-light-680-_jpg.rf.f87236a4b9198bd9bfe24b39306b185c.jpg,car,28.869935870170593,2.1812896728515625
traffic-light-680-_jpg.rf.f87236a4b9198bd9bfe24b39306b185c.jpg,person,27.429306507110596,2.1812896728515625
traffic-light-749-_jpg.rf.ad841c1aa83fae0716fcde57001bd02e.jpg,traffic light,65.54844379425049,2.180150270462036
traffic-light-47-_jpg.rf.129fd14481ffa64b91ad45d75ba064b3.jpg,bottle,98.28042984008789,2.1795825958251953
traffic-light-47-_jpg.rf.129fd14481ffa64b91ad45d75ba064b3.jpg,bottle,97.42311835289001,2.1795825958251953
traffic-light-47-_jpg.rf.129fd14481ffa64b91ad45d75ba064b3.jpg,traffic light,84.99472737312317,2.1795825958251953
traffic-light-47-_jpg.rf.129fd14481ffa64b91ad45d75ba064b3.jpg,bottle,66.76115989685059,2.1795825958251953
traffic-light-842-_jpg.rf.33a2c2036f0dff563aae3ac3e5c6718c.jpg,traffic light,95.25620341300964,2.1791560649871826
traffic-light-842-_jpg.rf.33a2c2036f0dff563aae3ac3e5c6718c.jpg,person,78.57508063316345,2.1791560649871826
traffic-light-842-_jpg.rf.33a2c2036f0dff563aae3ac3e5c6718c.jpg,person,58.79705548286438,2.1791560649871826
traffic-light-842-_jpg.rf.33a2c2036f0dff563aae3ac3e5c6718c.jpg,traffic light,52.77621150016785,2.1791560649871826
traffic-light-842-_jpg.rf.33a2c2036f0dff563aae3ac3e5c6718c.jpg,traffic light,36.20973527431488,2.1791560649871826
traffic-light-95-_jpg.rf.fe1c68dfe725a6047cff844b120bf3d1.jpg,traffic light,93.20839047431946,2.179232120513916
traffic-light-636-_jpg.rf.03e5968795848f81860458fe4e098320.jpg,car,99.00143146514893,2.1795237064361572
traffic-light-636-_jpg.rf.03e5968795848f81860458fe4e098320.jpg,traffic light,92.18335747718811,2.1795237064361572
traffic-light-636-_jpg.rf.03e5968795848f81860458fe4e098320.jpg,traffic light,87.46694922447205,2.1795237064361572
traffic-light-636-_jpg.rf.03e5968795848f81860458fe4e098320.jpg,person,79.80441451072693,2.1795237064361572
traffic-light-636-_jpg.rf.03e5968795848f81860458fe4e098320.jpg,person,71.9106674194336,2.1795237064361572
traffic-light-636-_jpg.rf.03e5968795848f81860458fe4e098320.jpg,motorbike,58.00343155860901,2.1795237064361572
traffic-light-636-_jpg.rf.03e5968795848f81860458fe4e098320.jpg,person,47.62018620967865,2.1795237064361572
traffic-light-636-_jpg.rf.03e5968795848f81860458fe4e098320.jpg,traffic light,47.25330471992493,2.1795237064361572
traffic-light-636-_jpg.rf.03e5968795848f81860458fe4e098320.jpg,traffic light,30.068862438201904,2.1795237064361572
traffic-light-636-_jpg.rf.03e5968795848f81860458fe4e098320.jpg,car,29.661384224891663,2.1795237064361572
traffic-light-636-_jpg.rf.03e5968795848f81860458fe4e098320.jpg,traffic light,27.09507942199707,2.1795237064361572
traffic-light-636-_jpg.rf.03e5968795848f81860458fe4e098320.jpg,person,25.361400842666626,2.1795237064361572
traffic-light-116-_jpg.rf.cd4263eda3365afc1d6ee0debc89551b.jpg,traffic light,98.6093521118164,2.1815736293792725
traffic-light-846-_jpg.rf.451d405a6e41394022768847bad33a58.jpg,traffic light,89.51286673545837,2.189239501953125
traffic-light-846-_jpg.rf.451d405a6e41394022768847bad33a58.jpg,person,89.39241170883179,2.189239501953125
traffic-light-846-_jpg.rf.451d405a6e41394022768847bad33a58.jpg,traffic light,82.23837018013,2.189239501953125
traffic-light-846-_jpg.rf.451d405a6e41394022768847bad33a58.jpg,person,61.61797046661377,2.189239501953125
traffic-light-846-_jpg.rf.451d405a6e41394022768847bad33a58.jpg,traffic light,56.215161085128784,2.189239501953125
traffic-light-846-_jpg.rf.451d405a6e41394022768847bad33a58.jpg,person,48.45620393753052,2.189239501953125
traffic-light-846-_jpg.rf.451d405a6e41394022768847bad33a58.jpg,traffic light,44.36635673046112,2.189239501953125
traffic-light-846-_jpg.rf.451d405a6e41394022768847bad33a58.jpg,car,28.299590945243835,2.189239501953125
traffic-light-846-_jpg.rf.451d405a6e41394022768847bad33a58.jpg,person,26.2957364320755,2.189239501953125
traffic-light-571-_jpg.rf.c5b31d40cf0a730ad517a7e313624cbf.jpg,traffic light,97.49611020088196,2.18149471282959
traffic-light-571-_jpg.rf.c5b31d40cf0a730ad517a7e313624cbf.jpg,traffic light,97.06705808639526,2.18149471282959
traffic-light-571-_jpg.rf.c5b31d40cf0a730ad517a7e313624cbf.jpg,traffic light,79.55653667449951,2.18149471282959
traffic-light-571-_jpg.rf.c5b31d40cf0a730ad517a7e313624cbf.jpg,person,61.47848963737488,2.18149471282959
traffic-light-571-_jpg.rf.c5b31d40cf0a730ad517a7e313624cbf.jpg,person,55.71073889732361,2.18149471282959
traffic-light-571-_jpg.rf.c5b31d40cf0a730ad517a7e313624cbf.jpg,person,49.872615933418274,2.18149471282959
traffic-light-571-_jpg.rf.c5b31d40cf0a730ad517a7e313624cbf.jpg,truck,38.91644477844238,2.18149471282959
traffic-light-571-_jpg.rf.c5b31d40cf0a730ad517a7e313624cbf.jpg,person,37.574344873428345,2.18149471282959
traffic-light-571-_jpg.rf.c5b31d40cf0a730ad517a7e313624cbf.jpg,person,33.115193247795105,2.18149471282959
traffic-light-571-_jpg.rf.c5b31d40cf0a730ad517a7e313624cbf.jpg,person,27.791613340377808,2.18149471282959
traffic-light-571-_jpg.rf.c5b31d40cf0a730ad517a7e313624cbf.jpg,car,26.441144943237305,2.18149471282959
traffic-light-6-_jpg.rf.44392b8dc4c8c0efd3d502e947c6704d.jpg,traffic light,69.58223581314087,2.181305408477783
traffic-light-646-_jpg.rf.b5f535e8b5e477e1aa3e05f698fec888.jpg,truck,83.4210216999054,2.178679943084717
traffic-light-646-_jpg.rf.b5f535e8b5e477e1aa3e05f698fec888.jpg,truck,37.01133131980896,2.178679943084717
traffic-light-58-_jpg.rf.873459d6c92ed69df9a88df8aa449a35.jpg,traffic light,65.44537544250488,2.181493043899536
traffic-light-24-_jpg.rf.6a603f20e16f9657b3d76e8d6b302761.jpg,traffic light,85.5851411819458,2.178574323654175
traffic-light-40-_jpg.rf.4bad2bfbf401de0de2bc9538cfb1a9ca.jpg,traffic light,53.76337766647339,2.179567575454712
traffic-light-698-_jpg.rf.3d0613196bafbfa6ebf000d83057baa2.jpg,traffic light,48.423078656196594,2.189070224761963
traffic-light-772-_jpg.rf.445f989399b1859221b1f516461fcb76.jpg,traffic light,60.30936241149902,2.1852352619171143
traffic-light-725-_jpg.rf.d416953c40c3bc0d5aad38b3ab79dcb4.jpg,traffic light,78.7489652633667,2.188615083694458
traffic-light-552-_jpg.rf.9f12b835692eb95f30d07b9c744fdfac.jpg,traffic light,95.13000845909119,2.190295934677124
traffic-light-552-_jpg.rf.9f12b835692eb95f30d07b9c744fdfac.jpg,traffic light,74.06910061836243,2.190295934677124
traffic-light-552-_jpg.rf.9f12b835692eb95f30d07b9c744fdfac.jpg,car,54.37940955162048,2.190295934677124
traffic-light-552-_jpg.rf.9f12b835692eb95f30d07b9c744fdfac.jpg,person,46.46153151988983,2.190295934677124
traffic-light-552-_jpg.rf.9f12b835692eb95f30d07b9c744fdfac.jpg,motorbike,32.298704981803894,2.190295934677124
traffic-light-20-_jpg.rf.ce3acb5de490233c5451cad97f95477b.jpg,traffic light,59.83138084411621,2.189443349838257
traffic-light-729-_jpg.rf.818b59ba014fb1d468540ac7326649d6.jpg,traffic light,43.03640425205231,2.1910619735717773
traffic-light-25-_jpg.rf.db8713a165c20e70623340168f0dbd6c.jpg,traffic light,97.68739342689514,2.192911386489868
traffic-light-170-_jpg.rf.43a3141b75d9c0ca8b71b975351c075b.jpg,traffic light,93.06415915489197,2.191032648086548
traffic-light-98-_jpg.rf.0fbbb5d5934a7fe167847e5b829f3f0a.jpg,traffic light,95.26216387748718,2.1905081272125244
traffic-light-766-_jpg.rf.9a7e48cdb93cb097fb8cb53329809e52.jpg,traffic light,84.95821952819824,2.1878840923309326
traffic-light-766-_jpg.rf.9a7e48cdb93cb097fb8cb53329809e52.jpg,traffic light,84.41216945648193,2.1878840923309326
traffic-light-107-_jpg.rf.281d360b22df98670f7b741c94012e82.jpg,traffic light,96.76360487937927,2.189028024673462
traffic-light-633-_jpg.rf.376775bc0c3162cf0a29f399c601eb5f.jpg,car,98.13416004180908,2.1920292377471924
traffic-light-633-_jpg.rf.376775bc0c3162cf0a29f399c601eb5f.jpg,car,98.00681471824646,2.1920292377471924
traffic-light-633-_jpg.rf.376775bc0c3162cf0a29f399c601eb5f.jpg,car,97.58864641189575,2.1920292377471924
traffic-light-633-_jpg.rf.376775bc0c3162cf0a29f399c601eb5f.jpg,person,97.45251536369324,2.1920292377471924
traffic-light-633-_jpg.rf.376775bc0c3162cf0a29f399c601eb5f.jpg,traffic light,96.97088599205017,2.1920292377471924
traffic-light-633-_jpg.rf.376775bc0c3162cf0a29f399c601eb5f.jpg,traffic light,90.15399217605591,2.1920292377471924
traffic-light-633-_jpg.rf.376775bc0c3162cf0a29f399c601eb5f.jpg,traffic light,83.18849205970764,2.1920292377471924
traffic-light-633-_jpg.rf.376775bc0c3162cf0a29f399c601eb5f.jpg,traffic light,79.11451458930969,2.1920292377471924
traffic-light-633-_jpg.rf.376775bc0c3162cf0a29f399c601eb5f.jpg,person,73.1818437576294,2.1920292377471924
traffic-light-633-_jpg.rf.376775bc0c3162cf0a29f399c601eb5f.jpg,traffic light,72.72278070449829,2.1920292377471924
traffic-light-633-_jpg.rf.376775bc0c3162cf0a29f399c601eb5f.jpg,car,69.1938042640686,2.1920292377471924
traffic-light-633-_jpg.rf.376775bc0c3162cf0a29f399c601eb5f.jpg,person,68.61653327941895,2.1920292377471924
traffic-light-633-_jpg.rf.376775bc0c3162cf0a29f399c601eb5f.jpg,motorbike,65.56206941604614,2.1920292377471924
traffic-light-633-_jpg.rf.376775bc0c3162cf0a29f399c601eb5f.jpg,person,49.661433696746826,2.1920292377471924
traffic-light-633-_jpg.rf.376775bc0c3162cf0a29f399c601eb5f.jpg,motorbike,46.01311683654785,2.1920292377471924
traffic-light-633-_jpg.rf.376775bc0c3162cf0a29f399c601eb5f.jpg,traffic light,39.805179834365845,2.1920292377471924
traffic-light-55-_jpg.rf.73cdb19c3377a5d0af5d3016a74571a9.jpg,bottle,97.372967004776,2.1894948482513428
traffic-light-55-_jpg.rf.73cdb19c3377a5d0af5d3016a74571a9.jpg,bottle,95.8177924156189,2.1894948482513428
traffic-light-55-_jpg.rf.73cdb19c3377a5d0af5d3016a74571a9.jpg,traffic light,90.84798097610474,2.1894948482513428
traffic-light-55-_jpg.rf.73cdb19c3377a5d0af5d3016a74571a9.jpg,bird,30.542033910751343,2.1894948482513428
traffic-light-55-_jpg.rf.73cdb19c3377a5d0af5d3016a74571a9.jpg,bird,27.72967219352722,2.1894948482513428
traffic-light-536-_jpg.rf.1be23ce36b1911cb598f1e23409417fd.jpg,traffic light,37.61913180351257,2.1886963844299316
traffic-light-616-_jpg.rf.72acd77fc9a2c2aa0344f58e6ce5d56d.jpg,traffic light,81.00122213363647,2.1874892711639404
traffic-light-616-_jpg.rf.72acd77fc9a2c2aa0344f58e6ce5d56d.jpg,bird,32.41974711418152,2.1874892711639404
traffic-light-626-_jpg.rf.d55dc35ea99f732ebb969a210bc7fc1e.jpg,traffic light,93.69630813598633,2.2002193927764893
traffic-light-53-_jpg.rf.4dcc278cd11a2de0883cd9ee19116b65.jpg,traffic light,90.68658351898193,2.205294132232666
traffic-light-53-_jpg.rf.4dcc278cd11a2de0883cd9ee19116b65.jpg,bottle,79.70921397209167,2.205294132232666
traffic-light-53-_jpg.rf.4dcc278cd11a2de0883cd9ee19116b65.jpg,bottle,75.23287534713745,2.205294132232666
IMG_5942_jpeg_jpg.rf.173902be1a1510b4ad56694804ca8be7.jpg,car,96.07763886451721,2.207010507583618
IMG_5942_jpeg_jpg.rf.173902be1a1510b4ad56694804ca8be7.jpg,traffic light,93.27982664108276,2.207010507583618
IMG_5942_jpeg_jpg.rf.173902be1a1510b4ad56694804ca8be7.jpg,traffic light,86.13332509994507,2.207010507583618
IMG_5942_jpeg_jpg.rf.173902be1a1510b4ad56694804ca8be7.jpg,traffic light,75.5266547203064,2.207010507583618
IMG_5942_jpeg_jpg.rf.173902be1a1510b4ad56694804ca8be7.jpg,traffic light,74.78355765342712,2.207010507583618
IMG_5942_jpeg_jpg.rf.173902be1a1510b4ad56694804ca8be7.jpg,car,44.182658195495605,2.207010507583618
IMG_5942_jpeg_jpg.rf.173902be1a1510b4ad56694804ca8be7.jpg,traffic light,42.55356788635254,2.207010507583618
IMG_5942_jpeg_jpg.rf.173902be1a1510b4ad56694804ca8be7.jpg,car,33.003830909729004,2.207010507583618
IMG_1475_jpg.rf.e5855b347ccaf4fe984e6c9c89561160.jpg,person,99.13877844810486,2.2061944007873535
IMG_1475_jpg.rf.e5855b347ccaf4fe984e6c9c89561160.jpg,traffic light,98.94657135009766,2.2061944007873535
IMG_1475_jpg.rf.e5855b347ccaf4fe984e6c9c89561160.jpg,traffic light,98.75178933143616,2.2061944007873535
IMG_1475_jpg.rf.e5855b347ccaf4fe984e6c9c89561160.jpg,person,96.83051109313965,2.2061944007873535
IMG_1475_jpg.rf.e5855b347ccaf4fe984e6c9c89561160.jpg,person,84.29827094078064,2.2061944007873535
IMG_1475_jpg.rf.e5855b347ccaf4fe984e6c9c89561160.jpg,bus,77.15411186218262,2.2061944007873535
IMG_1475_jpg.rf.e5855b347ccaf4fe984e6c9c89561160.jpg,backpack,43.095627427101135,2.2061944007873535
IMG_1475_jpg.rf.e5855b347ccaf4fe984e6c9c89561160.jpg,backpack,33.13670754432678,2.2061944007873535
traffic-light-761-_jpg.rf.336d3a595275caaa71ea7732e65d3fca.jpg,traffic light,80.52212595939636,2.206655263900757
traffic-light-71-_jpg.rf.68bd669541fcf8fec1d8766cf6c1b747.jpg,traffic light,89.24944400787354,2.202571392059326
IMG_1548_JPG_jpg.rf.f7920fd5aa46379e7e40aade74089345.jpg,traffic light,99.3357241153717,2.2063987255096436
IMG_1548_JPG_jpg.rf.f7920fd5aa46379e7e40aade74089345.jpg,traffic light,97.23463654518127,2.2063987255096436
IMG_1548_JPG_jpg.rf.f7920fd5aa46379e7e40aade74089345.jpg,traffic light,62.40959167480469,2.2063987255096436
IMG_1548_JPG_jpg.rf.f7920fd5aa46379e7e40aade74089345.jpg,traffic light,58.014464378356934,2.2063987255096436
IMG_1548_JPG_jpg.rf.f7920fd5aa46379e7e40aade74089345.jpg,traffic light,45.28609216213226,2.2063987255096436
traffic-light-637-_jpg.rf.c650ad57dfbb4a7b05e91f8c7b0a21fa.jpg,car,95.83756923675537,2.205063581466675
traffic-light-637-_jpg.rf.c650ad57dfbb4a7b05e91f8c7b0a21fa.jpg,traffic light,86.8073046207428,2.205063581466675
traffic-light-637-_jpg.rf.c650ad57dfbb4a7b05e91f8c7b0a21fa.jpg,car,84.02177691459656,2.205063581466675
traffic-light-637-_jpg.rf.c650ad57dfbb4a7b05e91f8c7b0a21fa.jpg,motorbike,80.27209639549255,2.205063581466675
traffic-light-637-_jpg.rf.c650ad57dfbb4a7b05e91f8c7b0a21fa.jpg,person,79.98551726341248,2.205063581466675
traffic-light-637-_jpg.rf.c650ad57dfbb4a7b05e91f8c7b0a21fa.jpg,car,78.55051755905151,2.205063581466675
traffic-light-637-_jpg.rf.c650ad57dfbb4a7b05e91f8c7b0a21fa.jpg,person,72.24355340003967,2.205063581466675
traffic-light-637-_jpg.rf.c650ad57dfbb4a7b05e91f8c7b0a21fa.jpg,traffic light,61.08883023262024,2.205063581466675
traffic-light-637-_jpg.rf.c650ad57dfbb4a7b05e91f8c7b0a21fa.jpg,car,51.86691880226135,2.205063581466675
traffic-light-637-_jpg.rf.c650ad57dfbb4a7b05e91f8c7b0a21fa.jpg,motorbike,48.625198006629944,2.205063581466675
traffic-light-637-_jpg.rf.c650ad57dfbb4a7b05e91f8c7b0a21fa.jpg,person,45.47359049320221,2.205063581466675
traffic-light-637-_jpg.rf.c650ad57dfbb4a7b05e91f8c7b0a21fa.jpg,car,43.01122426986694,2.205063581466675
traffic-light-637-_jpg.rf.c650ad57dfbb4a7b05e91f8c7b0a21fa.jpg,traffic light,34.44242179393768,2.205063581466675
traffic-light-637-_jpg.rf.c650ad57dfbb4a7b05e91f8c7b0a21fa.jpg,bicycle,34.11051332950592,2.205063581466675
traffic-light-637-_jpg.rf.c650ad57dfbb4a7b05e91f8c7b0a21fa.jpg,car,27.01035737991333,2.205063581466675
traffic-light-637-_jpg.rf.c650ad57dfbb4a7b05e91f8c7b0a21fa.jpg,truck,25.814950466156006,2.205063581466675
traffic-light-20-_jpg.rf.6d3a8c34f5b6facf0bb6e1c8b5523884.jpg,traffic light,94.39606070518494,2.2023427486419678
traffic-light-678-_jpg.rf.397cab30a52bc0480095b4ad45a63c7b.jpg,car,96.45334482192993,2.2003676891326904
traffic-light-678-_jpg.rf.397cab30a52bc0480095b4ad45a63c7b.jpg,traffic light,93.1498110294342,2.2003676891326904
traffic-light-678-_jpg.rf.397cab30a52bc0480095b4ad45a63c7b.jpg,traffic light,91.5789783000946,2.2003676891326904
traffic-light-678-_jpg.rf.397cab30a52bc0480095b4ad45a63c7b.jpg,car,88.00497651100159,2.2003676891326904
traffic-light-678-_jpg.rf.397cab30a52bc0480095b4ad45a63c7b.jpg,motorbike,71.46407961845398,2.2003676891326904
traffic-light-678-_jpg.rf.397cab30a52bc0480095b4ad45a63c7b.jpg,person,69.84533667564392,2.2003676891326904
traffic-light-678-_jpg.rf.397cab30a52bc0480095b4ad45a63c7b.jpg,person,59.90461707115173,2.2003676891326904
traffic-light-678-_jpg.rf.397cab30a52bc0480095b4ad45a63c7b.jpg,motorbike,59.735846519470215,2.2003676891326904
traffic-light-678-_jpg.rf.397cab30a52bc0480095b4ad45a63c7b.jpg,traffic light,55.006223917007446,2.2003676891326904
traffic-light-678-_jpg.rf.397cab30a52bc0480095b4ad45a63c7b.jpg,person,49.258261919021606,2.2003676891326904
traffic-light-678-_jpg.rf.397cab30a52bc0480095b4ad45a63c7b.jpg,car,46.55298292636871,2.2003676891326904
traffic-light-678-_jpg.rf.397cab30a52bc0480095b4ad45a63c7b.jpg,person,46.0382342338562,2.2003676891326904
traffic-light-678-_jpg.rf.397cab30a52bc0480095b4ad45a63c7b.jpg,car,45.15823423862457,2.2003676891326904
traffic-light-678-_jpg.rf.397cab30a52bc0480095b4ad45a63c7b.jpg,motorbike,35.023120045661926,2.2003676891326904
traffic-light-678-_jpg.rf.397cab30a52bc0480095b4ad45a63c7b.jpg,person,31.320849061012268,2.2003676891326904
traffic-light-98-_jpg.rf.723aafcf5078dfcfc3d4bbbae3b734b4.jpg,traffic light,98.86647462844849,2.1985466480255127
traffic-light-885-_jpg.rf.c7433ce51609c0733ff95e54950f2ae5.jpg,traffic light,90.4968798160553,2.208707571029663
traffic-light-767-_jpg.rf.c17ad3c660cc6bf8a8ea0b2460f59fd5.jpg,traffic light,98.39058518409729,2.205181121826172
traffic-light-671-_jpg.rf.f1d891c6b64000238207c02d6c241590.jpg,motorbike,95.29975056648254,2.2031805515289307
traffic-light-671-_jpg.rf.f1d891c6b64000238207c02d6c241590.jpg,person,92.2381043434143,2.2031805515289307
traffic-light-671-_jpg.rf.f1d891c6b64000238207c02d6c241590.jpg,person,89.76681232452393,2.2031805515289307
traffic-light-671-_jpg.rf.f1d891c6b64000238207c02d6c241590.jpg,car,88.91333937644958,2.2031805515289307
traffic-light-671-_jpg.rf.f1d891c6b64000238207c02d6c241590.jpg,motorbike,76.75342559814453,2.2031805515289307
traffic-light-671-_jpg.rf.f1d891c6b64000238207c02d6c241590.jpg,motorbike,74.15162324905396,2.2031805515289307
traffic-light-671-_jpg.rf.f1d891c6b64000238207c02d6c241590.jpg,person,68.20480227470398,2.2031805515289307
traffic-light-671-_jpg.rf.f1d891c6b64000238207c02d6c241590.jpg,motorbike,68.08680295944214,2.2031805515289307
traffic-light-671-_jpg.rf.f1d891c6b64000238207c02d6c241590.jpg,car,67.8842842578888,2.2031805515289307
traffic-light-671-_jpg.rf.f1d891c6b64000238207c02d6c241590.jpg,traffic light,65.38403034210205,2.2031805515289307
traffic-light-671-_jpg.rf.f1d891c6b64000238207c02d6c241590.jpg,person,57.60598182678223,2.2031805515289307
traffic-light-671-_jpg.rf.f1d891c6b64000238207c02d6c241590.jpg,person,46.67042791843414,2.2031805515289307
traffic-light-671-_jpg.rf.f1d891c6b64000238207c02d6c241590.jpg,traffic light,42.566660046577454,2.2031805515289307
traffic-light-671-_jpg.rf.f1d891c6b64000238207c02d6c241590.jpg,person,30.46671450138092,2.2031805515289307
traffic-light-671-_jpg.rf.f1d891c6b64000238207c02d6c241590.jpg,person,30.403795838356018,2.2031805515289307
traffic-light-589-_jpg.rf.29e21fd6ae0568ea1c376c6d826d30eb.jpg,traffic light,96.93211317062378,2.2065794467926025
traffic-light-589-_jpg.rf.29e21fd6ae0568ea1c376c6d826d30eb.jpg,person,91.14387631416321,2.2065794467926025
traffic-light-589-_jpg.rf.29e21fd6ae0568ea1c376c6d826d30eb.jpg,traffic light,88.19994926452637,2.2065794467926025
traffic-light-589-_jpg.rf.29e21fd6ae0568ea1c376c6d826d30eb.jpg,truck,54.6288788318634,2.2065794467926025
traffic-light-589-_jpg.rf.29e21fd6ae0568ea1c376c6d826d30eb.jpg,person,47.33801782131195,2.2065794467926025
traffic-light-589-_jpg.rf.29e21fd6ae0568ea1c376c6d826d30eb.jpg,person,35.753193497657776,2.2065794467926025
traffic-light-589-_jpg.rf.29e21fd6ae0568ea1c376c6d826d30eb.jpg,person,34.0667724609375,2.2065794467926025
traffic-light-589-_jpg.rf.29e21fd6ae0568ea1c376c6d826d30eb.jpg,horse,33.0282062292099,2.2065794467926025
traffic-light-589-_jpg.rf.29e21fd6ae0568ea1c376c6d826d30eb.jpg,person,25.173503160476685,2.2065794467926025
traffic-light-77-_jpg.rf.8653417451743d8cac6cd50b9485cc2f.jpg,traffic light,50.946974754333496,2.2068979740142822
traffic-light-23-_jpg.rf.1c7c13b624ddd3794cff9d9d9ed7b6db.jpg,traffic light,90.72409868240356,2.200127124786377
traffic-light-660-_jpg.rf.40146d8a7960151791a35b5a96edd126.jpg,traffic light,81.444251537323,2.2088587284088135
traffic-light-660-_jpg.rf.40146d8a7960151791a35b5a96edd126.jpg,traffic light,80.31169772148132,2.2088587284088135
traffic-light-660-_jpg.rf.40146d8a7960151791a35b5a96edd126.jpg,traffic light,46.748459339141846,2.2088587284088135
traffic-light-660-_jpg.rf.40146d8a7960151791a35b5a96edd126.jpg,traffic light,42.44611859321594,2.2088587284088135
traffic-light-842-_jpg.rf.f15dfd857b32e8916dd13d28d6962e2e.jpg,traffic light,96.48447036743164,2.2066407203674316
traffic-light-842-_jpg.rf.f15dfd857b32e8916dd13d28d6962e2e.jpg,traffic light,47.891002893447876,2.2066407203674316
traffic-light-842-_jpg.rf.f15dfd857b32e8916dd13d28d6962e2e.jpg,traffic light,35.54343581199646,2.2066407203674316
traffic-light-842-_jpg.rf.f15dfd857b32e8916dd13d28d6962e2e.jpg,traffic light,35.19297242164612,2.2066407203674316
traffic-light-797-_jpg.rf.3b3c82682ac8c8784fe7793f9fe7ef3e.jpg,traffic light,26.868870854377747,2.199892997741699
traffic-light-644-_jpg.rf.49d0957828ece6ede47df5b1fbc90817.jpg,traffic light,52.44385004043579,2.206681728363037
traffic-light-644-_jpg.rf.49d0957828ece6ede47df5b1fbc90817.jpg,truck,25.585129857063293,2.206681728363037
img_png_jpg.rf.12debc956287194dd30e0c161a3308c7.jpg,car,99.81592297554016,2.2019882202148438
img_png_jpg.rf.12debc956287194dd30e0c161a3308c7.jpg,car,98.59896898269653,2.2019882202148438
img_png_jpg.rf.12debc956287194dd30e0c161a3308c7.jpg,car,98.54826927185059,2.2019882202148438
img_png_jpg.rf.12debc956287194dd30e0c161a3308c7.jpg,car,98.32518100738525,2.2019882202148438
img_png_jpg.rf.12debc956287194dd30e0c161a3308c7.jpg,truck,98.25117588043213,2.2019882202148438
img_png_jpg.rf.12debc956287194dd30e0c161a3308c7.jpg,car,92.06618070602417,2.2019882202148438
img_png_jpg.rf.12debc956287194dd30e0c161a3308c7.jpg,traffic light,91.78531765937805,2.2019882202148438
img_png_jpg.rf.12debc956287194dd30e0c161a3308c7.jpg,traffic light,91.43823981285095,2.2019882202148438
img_png_jpg.rf.12debc956287194dd30e0c161a3308c7.jpg,traffic light,90.0224506855011,2.2019882202148438
img_png_jpg.rf.12debc956287194dd30e0c161a3308c7.jpg,traffic light,87.41337656974792,2.2019882202148438
img_png_jpg.rf.12debc956287194dd30e0c161a3308c7.jpg,traffic light,81.82122111320496,2.2019882202148438
img_png_jpg.rf.12debc956287194dd30e0c161a3308c7.jpg,traffic light,80.09901642799377,2.2019882202148438
img_png_jpg.rf.12debc956287194dd30e0c161a3308c7.jpg,traffic light,75.51735043525696,2.2019882202148438
img_png_jpg.rf.12debc956287194dd30e0c161a3308c7.jpg,traffic light,62.20119595527649,2.2019882202148438
img_png_jpg.rf.12debc956287194dd30e0c161a3308c7.jpg,traffic light,60.13297438621521,2.2019882202148438
img_png_jpg.rf.12debc956287194dd30e0c161a3308c7.jpg,traffic light,58.16081166267395,2.2019882202148438
img_png_jpg.rf.12debc956287194dd30e0c161a3308c7.jpg,traffic light,41.52143895626068,2.2019882202148438
img_png_jpg.rf.12debc956287194dd30e0c161a3308c7.jpg,car,37.07737922668457,2.2019882202148438
img_png_jpg.rf.12debc956287194dd30e0c161a3308c7.jpg,car,28.630468249320984,2.2019882202148438
traffic-light-966-_jpg.rf.6d14d3f00d53d39b1842d8d251a15bd5.jpg,traffic light,89.23215866088867,2.1999566555023193
traffic-light-6-_jpg.rf.ea826a7a78ba88efd4cb400d2f21cbf6.jpg,traffic light,85.40381789207458,2.2023556232452393
traffic-light-29-_jpg.rf.30ff6b5b6286da13c161795744c87f3d.jpg,traffic light,80.33095598220825,2.201669692993164
traffic-light-53-_jpg.rf.e672a4e0b26ea2361137fe678a40573a.jpg,car,42.15205907821655,2.204075813293457
traffic-light-568-_jpg.rf.b59894f12b92819f4fc5dc33b00f14bc.jpg,traffic light,93.05768013000488,2.2068674564361572
traffic-light-568-_jpg.rf.b59894f12b92819f4fc5dc33b00f14bc.jpg,truck,91.7101800441742,2.2068674564361572
traffic-light-568-_jpg.rf.b59894f12b92819f4fc5dc33b00f14bc.jpg,traffic light,89.60576057434082,2.2068674564361572
traffic-light-568-_jpg.rf.b59894f12b92819f4fc5dc33b00f14bc.jpg,truck,65.54933786392212,2.2068674564361572
traffic-light-568-_jpg.rf.b59894f12b92819f4fc5dc33b00f14bc.jpg,truck,64.13270831108093,2.2068674564361572
traffic-light-568-_jpg.rf.b59894f12b92819f4fc5dc33b00f14bc.jpg,car,33.75959098339081,2.2068674564361572
traffic-light-568-_jpg.rf.b59894f12b92819f4fc5dc33b00f14bc.jpg,car,26.637649536132812,2.2068674564361572
traffic-light-130-_jpg.rf.55dea46ed1c5c7e9820294c827a31701.jpg,traffic light,59.01420712471008,2.206537961959839
traffic-light-77-_jpg.rf.909de727f9f0ef9bb2e1b061886be1e3.jpg,traffic light,87.9418432712555,2.203789472579956
traffic-light-596-_jpg.rf.5fbc8f3b348177d72a6d4a5554e9bbb1.jpg,traffic light,94.33314800262451,2.2043285369873047
traffic-light-604-_jpg.rf.ab2e6a4f0c56b4ee92f3f715f8999dd2.jpg,traffic light,71.41964435577393,2.2015597820281982
traffic-light-855-_jpg.rf.47a4e25582ea5bbbe920beebd5b12fd0.jpg,traffic light,97.24653959274292,2.196859359741211
traffic-light-855-_jpg.rf.47a4e25582ea5bbbe920beebd5b12fd0.jpg,traffic light,59.124958515167236,2.196859359741211
GettyImages-522041618_jpg.rf.53dbb881729320899eee5f8abd999eb0.jpg,traffic light,84.54120755195618,2.1871957778930664
bfe07cf7-28db-44f1-ac2c-6e90c8008ed7-largeScale_MetroPolice_2_jpg.rf.ecace5087b565173798c2d5df861f566.jpg,car,99.64321851730347,2.18939471244812
bfe07cf7-28db-44f1-ac2c-6e90c8008ed7-largeScale_MetroPolice_2_jpg.rf.ecace5087b565173798c2d5df861f566.jpg,car,99.03424978256226,2.18939471244812
bfe07cf7-28db-44f1-ac2c-6e90c8008ed7-largeScale_MetroPolice_2_jpg.rf.ecace5087b565173798c2d5df861f566.jpg,car,98.80335927009583,2.18939471244812
bfe07cf7-28db-44f1-ac2c-6e90c8008ed7-largeScale_MetroPolice_2_jpg.rf.ecace5087b565173798c2d5df861f566.jpg,car,92.02515482902527,2.18939471244812
bfe07cf7-28db-44f1-ac2c-6e90c8008ed7-largeScale_MetroPolice_2_jpg.rf.ecace5087b565173798c2d5df861f566.jpg,truck,91.19913578033447,2.18939471244812
bfe07cf7-28db-44f1-ac2c-6e90c8008ed7-largeScale_MetroPolice_2_jpg.rf.ecace5087b565173798c2d5df861f566.jpg,person,88.98516893386841,2.18939471244812
bfe07cf7-28db-44f1-ac2c-6e90c8008ed7-largeScale_MetroPolice_2_jpg.rf.ecace5087b565173798c2d5df861f566.jpg,traffic light,86.193186044693,2.18939471244812
bfe07cf7-28db-44f1-ac2c-6e90c8008ed7-largeScale_MetroPolice_2_jpg.rf.ecace5087b565173798c2d5df861f566.jpg,car,86.17222905158997,2.18939471244812
bfe07cf7-28db-44f1-ac2c-6e90c8008ed7-largeScale_MetroPolice_2_jpg.rf.ecace5087b565173798c2d5df861f566.jpg,car,83.97260308265686,2.18939471244812
bfe07cf7-28db-44f1-ac2c-6e90c8008ed7-largeScale_MetroPolice_2_jpg.rf.ecace5087b565173798c2d5df861f566.jpg,car,80.20815253257751,2.18939471244812
bfe07cf7-28db-44f1-ac2c-6e90c8008ed7-largeScale_MetroPolice_2_jpg.rf.ecace5087b565173798c2d5df861f566.jpg,traffic light,79.10520434379578,2.18939471244812
bfe07cf7-28db-44f1-ac2c-6e90c8008ed7-largeScale_MetroPolice_2_jpg.rf.ecace5087b565173798c2d5df861f566.jpg,car,64.09018635749817,2.18939471244812
bfe07cf7-28db-44f1-ac2c-6e90c8008ed7-largeScale_MetroPolice_2_jpg.rf.ecace5087b565173798c2d5df861f566.jpg,traffic light,49.394938349723816,2.18939471244812
bfe07cf7-28db-44f1-ac2c-6e90c8008ed7-largeScale_MetroPolice_2_jpg.rf.ecace5087b565173798c2d5df861f566.jpg,traffic light,27.98483371734619,2.18939471244812
traffic-light-526-_jpg.rf.63ad071aab075766395af9f71bfb1467.jpg,traffic light,43.46100389957428,2.192263126373291
traffic-light-720-_jpg.rf.20fb6c9fcc5a328f77f19275d297037e.jpg,traffic light,94.32364106178284,2.1897945404052734
traffic-light-722-_jpg.rf.2992c862ee0d713122845ef08ca3e1c8.jpg,traffic light,56.92140460014343,2.1871495246887207
traffic-light-567-_jpg.rf.61e3dff2a0d255efe7a4bc00361d0a01.jpg,traffic light,83.9804470539093,2.1943228244781494
traffic-light-59-_jpg.rf.9b5e174818e4be19428f19ccc4afebdf.jpg,traffic light,92.83130168914795,2.195119857788086
traffic-light-59-_jpg.rf.9b5e174818e4be19428f19ccc4afebdf.jpg,bottle,76.51046514511108,2.195119857788086
traffic-light-59-_jpg.rf.9b5e174818e4be19428f19ccc4afebdf.jpg,bottle,56.216490268707275,2.195119857788086
traffic-light-35-_jpg.rf.dc18ef6cc6b70eb96ec0742ba80e41a2.jpg,traffic light,31.47643804550171,2.1996095180511475
traffic-light-939-_jpg.rf.9c4c7672b66dc3547cd84ac386afeaea.jpg,traffic light,63.88465762138367,2.2032034397125244
traffic-light-939-_jpg.rf.9c4c7672b66dc3547cd84ac386afeaea.jpg,traffic light,53.94453406333923,2.2032034397125244
traffic-light-939-_jpg.rf.9c4c7672b66dc3547cd84ac386afeaea.jpg,traffic light,29.42063808441162,2.2032034397125244
traffic-light-13-_jpg.rf.ba66282bb146408b803564c68efb91fa.jpg,traffic light,51.301759481430054,2.202012062072754
traffic-light-109-_jpg.rf.83bea7c0d6e382d4e26cda9378867edc.jpg,traffic light,65.12393355369568,2.198060989379883
traffic-light-651-_jpg.rf.5ab146d4b41dfd3eff90fd1ec51f60f0.jpg,person,57.85508155822754,2.205214500427246
traffic-light-651-_jpg.rf.5ab146d4b41dfd3eff90fd1ec51f60f0.jpg,bus,28.063035011291504,2.205214500427246
traffic-light-856-_jpg.rf.be17a5c780d4c7d9f529f95c7882cda0.jpg,traffic light,96.14330530166626,2.197360038757324
traffic-light-807-_jpg.rf.f1b4539e7fd7de012126c4d42540ff64.jpg,traffic light,71.17128372192383,2.2060718536376953
traffic-light-682-_jpg.rf.17eda489ba0253bd2bd61208a0b96d6b.jpg,car,99.13427829742432,2.205141544342041
traffic-light-682-_jpg.rf.17eda489ba0253bd2bd61208a0b96d6b.jpg,car,98.1351375579834,2.205141544342041
traffic-light-682-_jpg.rf.17eda489ba0253bd2bd61208a0b96d6b.jpg,person,97.03946709632874,2.205141544342041
traffic-light-682-_jpg.rf.17eda489ba0253bd2bd61208a0b96d6b.jpg,car,95.91481685638428,2.205141544342041
traffic-light-682-_jpg.rf.17eda489ba0253bd2bd61208a0b96d6b.jpg,car,93.1850254535675,2.205141544342041
traffic-light-682-_jpg.rf.17eda489ba0253bd2bd61208a0b96d6b.jpg,car,91.26142859458923,2.205141544342041
traffic-light-682-_jpg.rf.17eda489ba0253bd2bd61208a0b96d6b.jpg,traffic light,89.36424255371094,2.205141544342041
traffic-light-682-_jpg.rf.17eda489ba0253bd2bd61208a0b96d6b.jpg,motorbike,88.29278945922852,2.205141544342041
traffic-light-682-_jpg.rf.17eda489ba0253bd2bd61208a0b96d6b.jpg,person,87.51160502433777,2.205141544342041
traffic-light-682-_jpg.rf.17eda489ba0253bd2bd61208a0b96d6b.jpg,motorbike,86.91120743751526,2.205141544342041
traffic-light-682-_jpg.rf.17eda489ba0253bd2bd61208a0b96d6b.jpg,person,77.55227088928223,2.205141544342041
traffic-light-682-_jpg.rf.17eda489ba0253bd2bd61208a0b96d6b.jpg,motorbike,76.65773630142212,2.205141544342041
traffic-light-682-_jpg.rf.17eda489ba0253bd2bd61208a0b96d6b.jpg,car,72.11956977844238,2.205141544342041
traffic-light-682-_jpg.rf.17eda489ba0253bd2bd61208a0b96d6b.jpg,motorbike,59.18841361999512,2.205141544342041
traffic-light-682-_jpg.rf.17eda489ba0253bd2bd61208a0b96d6b.jpg,handbag,50.09989142417908,2.205141544342041
traffic-light-682-_jpg.rf.17eda489ba0253bd2bd61208a0b96d6b.jpg,person,43.264198303222656,2.205141544342041
traffic-light-682-_jpg.rf.17eda489ba0253bd2bd61208a0b96d6b.jpg,handbag,30.863192677497864,2.205141544342041
traffic-light-682-_jpg.rf.17eda489ba0253bd2bd61208a0b96d6b.jpg,person,27.73968279361725,2.205141544342041
traffic-light-682-_jpg.rf.17eda489ba0253bd2bd61208a0b96d6b.jpg,car,27.12838351726532,2.205141544342041
traffic-light-682-_jpg.rf.17eda489ba0253bd2bd61208a0b96d6b.jpg,person,25.437435507774353,2.205141544342041
traffic-light-59-_jpg.rf.36ca9e4a9845a5af1ca1ed30b7b08fec.jpg,traffic light,92.97205209732056,2.203376054763794
traffic-light-59-_jpg.rf.36ca9e4a9845a5af1ca1ed30b7b08fec.jpg,bottle,76.873379945755,2.203376054763794
traffic-light-59-_jpg.rf.36ca9e4a9845a5af1ca1ed30b7b08fec.jpg,bottle,58.4445595741272,2.203376054763794
traffic-light-585-_jpg.rf.ab5e2436b49d21558972ef5920b13603.jpg,traffic light,89.4590675830841,2.2040767669677734
traffic-light-745-_jpg.rf.bb465271b75e592012ff1c52428ae8a8.jpg,traffic light,91.01395606994629,2.210726499557495
traffic-light-745-_jpg.rf.bb465271b75e592012ff1c52428ae8a8.jpg,traffic light,72.50633239746094,2.210726499557495
traffic-light-81-_jpg.rf.69635b51ab0d664476ef509c6578b132.jpg,traffic light,92.05194115638733,2.208313465118408
traffic-light-720-_jpg.rf.1ea5f7ffa970f098ed9420019a33ee5a.jpg,traffic light,92.76083111763,2.2095274925231934
traffic-light-604-_jpg.rf.c3d124afca9299e2ba230c3766e62481.jpg,traffic light,76.81101560592651,2.19075345993042
traffic-light-604-_jpg.rf.c3d124afca9299e2ba230c3766e62481.jpg,traffic light,31.680485606193542,2.19075345993042
traffic-light-888-_jpg.rf.309b9868b88ef3f4a9c73472c6cf844e.jpg,traffic light,98.77520799636841,2.181561231613159
traffic-light-888-_jpg.rf.309b9868b88ef3f4a9c73472c6cf844e.jpg,traffic light,96.35018110275269,2.181561231613159
traffic-light-888-_jpg.rf.309b9868b88ef3f4a9c73472c6cf844e.jpg,traffic light,94.50401067733765,2.181561231613159
traffic-light-888-_jpg.rf.309b9868b88ef3f4a9c73472c6cf844e.jpg,traffic light,93.36481094360352,2.181561231613159
traffic-light-858-_jpg.rf.ac63eba892cd5346535f65bd4708d575.jpg,traffic light,55.9770405292511,2.1802501678466797
traffic-light-145-_jpg.rf.dbadb225b9a90667fdea7cb79e6bf5e1.jpg,traffic light,81.35974407196045,2.1800906658172607
traffic-light-67-_jpg.rf.99b51fa3dc3960977e1e5a1858f8e1f8.jpg,traffic light,86.59568428993225,2.1769421100616455
traffic-light-531-_jpg.rf.215504b9c1c00726e87409964045b47c.jpg,traffic light,85.99959015846252,2.1904144287109375
traffic-light-656-_jpg.rf.c214a0390ee96e5cf81e21c270973d48.jpg,traffic light,34.928447008132935,2.181260108947754
